<metadata xml:lang="en"><Esri><CreaDate>20210725</CreaDate><CreaTime>19531800</CreaTime><ArcGISFormat>1.0</ArcGISFormat><SyncOnce>FALSE</SyncOnce><DataProperties><lineage><Process ToolSource="c:\program files\arcgis\pro\Resources\ArcToolbox\toolboxes\Data Management Tools.tbx\CreateFeatureclass" Date="20210725" Time="195318">CreateFeatureclass "Z:\Monica\Summer 2021\ShorelineExtraction\ShorelineExtraction\scratch.gdb" Agg_OHSA__14136_19580_ Polygon # No No "PROJCS["NAD_1983_Florida_East_ftUS",GEOGCS["GCS_North_American_1983",DATUM["D_North_American_1983",SPHEROID["GRS_1980",6378137.0,298.257222101]],PRIMEM["Greenwich",0.0],UNIT["Degree",0.0174532925199433]],PROJECTION["Transverse_Mercator"],PARAMETER["false_easting",656166.6666666671],PARAMETER["false_northing",0.0],PARAMETER["central_meridian",-81.0],PARAMETER["scale_factor",0.999941176470588],PARAMETER["latitude_of_origin",24.3333333333333],UNIT["Foot_US",0.3048006096012192]];-17791300 -41645400 137249422.942576;-100000 10000;-100000 10000;3.28083333333333E-03;0.001;0.001;IsHighPrecision" # 0 0 0 #</Process><Process ToolSource="c:\program files\arcgis\pro\Resources\ArcToolbox\toolboxes\Data Management Tools.tbx\AddField" Date="20210725" Time="195319">AddField "Z:\Monica\Summer 2021\ShorelineExtraction\ShorelineExtraction\scratch.gdb\Agg_OHSA__14136_19580_" LOCATION "Long (large integer)" # # # "Location ID" NULLABLE NON_REQUIRED #</Process><Process ToolSource="c:\program files\arcgis\pro\Resources\ArcToolbox\toolboxes\Data Management Tools.tbx\AddField" Date="20210725" Time="195320">AddField "Z:\Monica\Summer 2021\ShorelineExtraction\ShorelineExtraction\scratch.gdb\Agg_OHSA__14136_19580_" JOIN_COUNT "Long (large integer)" # # # Counts NULLABLE NON_REQUIRED #</Process><Process ToolSource="c:\program files\arcgis\pro\Resources\ArcToolbox\toolboxes\Conversion Tools.tbx\FeatureClassToFeatureClass" Date="20210725" Time="195335">FeatureClassToFeatureClass "Z:\Monica\Summer 2021\ShorelineExtraction\ShorelineExtraction\scratch.gdb\Agg_OHSA__14136_19580_" "Z:\Monica\Summer 2021\ShorelineExtraction\ShorelineExtraction\Default.gdb\ExtractionResults" Output_Hotspot # "SOURCE_ID "SOURCE_ID" false false true 4 Long 0 0,First,#,Z:\Monica\Summer 2021\ShorelineExtraction\ShorelineExtraction\scratch.gdb\Agg_OHSA__14136_19580_,OBJECTID,-1,-1;JOIN_COUNT "Counts" true true false 4 Long 0 0,First,#,Z:\Monica\Summer 2021\ShorelineExtraction\ShorelineExtraction\scratch.gdb\Agg_OHSA__14136_19580_,JOIN_COUNT,-1,-1" #</Process><Process Name="Optimized Hot Spot Analysis" ToolSource="c:\program files\arcgis\pro\Resources\ArcToolbox\Toolboxes\Spatial Statistics Tools.tbx\OptimizedHotSpotAnalysis" Date="20210725" Time="195340">OptimizedHotSpotAnalysis "Z:\Monica\Summer 2021\ShorelineExtraction\ShorelineExtraction\Default.gdb\coastlineN_Merge_Buffer_Inte" "Z:\Monica\Summer 2021\ShorelineExtraction\ShorelineExtraction\Default.gdb\ExtractionResults\Output_Hotspot" # "Count incidents within fishnet grid" "Z:\Monica\Summer 2021\ShorelineExtraction\ShorelineExtraction\Default.gdb\thiessenpoly" # # # #</Process><Process ToolSource="c:\program files\arcgis\pro\Resources\ArcToolbox\toolboxes\Conversion Tools.tbx\FeatureClassToFeatureClass" Date="20210729" Time="163930">FeatureClassToFeatureClass "ModelBuilder\Concentration of sea turtle after hotspot analysis:Output_Hotspot" \\Client\H$\Monica\FAU\Courses\Summer21\SpecialTopicsCIVIL\ShorelineExtraction\ToSubmit\OutputData\HotspotAnalysis SeaTurtleConcentration_HA.shp # "SOURCE_ID "SOURCE_ID" true true false 4 Long 0 0,First,#,ModelBuilder\Concentration of sea turtle after hotspot analysis:Output_Hotspot,SOURCE_ID,-1,-1;JOIN_COUNT "Counts" true true false 4 Long 0 0,First,#,ModelBuilder\Concentration of sea turtle after hotspot analysis:Output_Hotspot,JOIN_COUNT,-1,-1;Shape_Length "Shape_Length" false true true 8 Double 0 0,First,#,ModelBuilder\Concentration of sea turtle after hotspot analysis:Output_Hotspot,Shape_Length,-1,-1;Shape_Area "Shape_Area" false true true 8 Double 0 0,First,#,ModelBuilder\Concentration of sea turtle after hotspot analysis:Output_Hotspot,Shape_Area,-1,-1;GiZScore "GiZScore Fixed 887" true true false 8 Double 0 0,First,#,ModelBuilder\Concentration of sea turtle after hotspot analysis:Output_Hotspot,GiZScore,-1,-1;GiPValue "GiPValue Fixed 887" true true false 8 Double 0 0,First,#,ModelBuilder\Concentration of sea turtle after hotspot analysis:Output_Hotspot,GiPValue,-1,-1;NNeighbors "NNeighbors Fixed 887" true true false 4 Long 0 0,First,#,ModelBuilder\Concentration of sea turtle after hotspot analysis:Output_Hotspot,NNeighbors,-1,-1;Gi_Bin "Gi_Bin Fixed 887_FDR" true true false 4 Long 0 0,First,#,ModelBuilder\Concentration of sea turtle after hotspot analysis:Output_Hotspot,Gi_Bin,-1,-1" #</Process></lineage><itemProps><itemName Sync="TRUE">SeaTurtleConcentration_HA</itemName><imsContentType Sync="TRUE">002</imsContentType><itemLocation><linkage Sync="TRUE">file://\\Client\H$\Monica\FAU\Courses\Summer21\SpecialTopicsCIVIL\ShorelineExtraction\ToSubmit\OutputData\HotspotAnalysis\SeaTurtleConcentration_HA.shp</linkage><protocol Sync="TRUE">Local Area Network</protocol></itemLocation><itemSize Sync="TRUE">0.000</itemSize></itemProps><coordRef><type Sync="TRUE">Projected</type><geogcsn Sync="TRUE">GCS_North_American_1983</geogcsn><csUnits Sync="TRUE">Linear Unit: Foot_US (0.304801)</csUnits><projcsn Sync="TRUE">NAD_1983_Florida_East_ftUS</projcsn><peXml Sync="TRUE">&lt;ProjectedCoordinateSystem xsi:type='typens:ProjectedCoordinateSystem' xmlns:xsi='http://www.w3.org/2001/XMLSchema-instance' xmlns:xs='http://www.w3.org/2001/XMLSchema' xmlns:typens='http://www.esri.com/schemas/ArcGIS/2.8.0'&gt;&lt;WKT&gt;PROJCS[&amp;quot;NAD_1983_Florida_East_ftUS&amp;quot;,GEOGCS[&amp;quot;GCS_North_American_1983&amp;quot;,DATUM[&amp;quot;D_North_American_1983&amp;quot;,SPHEROID[&amp;quot;GRS_1980&amp;quot;,6378137.0,298.257222101]],PRIMEM[&amp;quot;Greenwich&amp;quot;,0.0],UNIT[&amp;quot;Degree&amp;quot;,0.0174532925199433]],PROJECTION[&amp;quot;Transverse_Mercator&amp;quot;],PARAMETER[&amp;quot;false_easting&amp;quot;,656166.6666666671],PARAMETER[&amp;quot;false_northing&amp;quot;,0.0],PARAMETER[&amp;quot;central_meridian&amp;quot;,-81.0],PARAMETER[&amp;quot;scale_factor&amp;quot;,0.999941176470588],PARAMETER[&amp;quot;latitude_of_origin&amp;quot;,24.3333333333333],UNIT[&amp;quot;Foot_US&amp;quot;,0.3048006096012192]]&lt;/WKT&gt;&lt;XOrigin&gt;-17791300&lt;/XOrigin&gt;&lt;YOrigin&gt;-41645400&lt;/YOrigin&gt;&lt;XYScale&gt;137249422.94257641&lt;/XYScale&gt;&lt;ZOrigin&gt;-100000&lt;/ZOrigin&gt;&lt;ZScale&gt;10000&lt;/ZScale&gt;&lt;MOrigin&gt;-100000&lt;/MOrigin&gt;&lt;MScale&gt;10000&lt;/MScale&gt;&lt;XYTolerance&gt;0.0032808333333333331&lt;/XYTolerance&gt;&lt;ZTolerance&gt;0.001&lt;/ZTolerance&gt;&lt;MTolerance&gt;0.001&lt;/MTolerance&gt;&lt;HighPrecision&gt;true&lt;/HighPrecision&gt;&lt;/ProjectedCoordinateSystem&gt;</peXml></coordRef></DataProperties><SyncDate>20210729</SyncDate><SyncTime>16340200</SyncTime><ModDate>20210729</ModDate><ModTime>16340200</ModTime></Esri><dataIdInfo><envirDesc Sync="TRUE">Microsoft Windows Server 2016 Technical Preview Version 10.0 (Build 17763) ; Esri ArcGIS 12.8.0.29751</envirDesc><dataLang><languageCode value="eng" Sync="TRUE"></languageCode><countryCode value="USA" Sync="TRUE"></countryCode></dataLang><idCitation><resTitle Sync="TRUE">SeaTurtleConcentration_HA</resTitle><presForm><PresFormCd value="005" Sync="TRUE"></PresFormCd></presForm></idCitation><spatRpType><SpatRepTypCd value="001" Sync="TRUE"></SpatRepTypCd></spatRpType></dataIdInfo><mdLang><languageCode value="eng" Sync="TRUE"></languageCode><countryCode value="USA" Sync="TRUE"></countryCode></mdLang><distInfo><distFormat><formatName Sync="TRUE">Shapefile</formatName></distFormat><distTranOps><transSize Sync="TRUE">0.000</transSize></distTranOps></distInfo><mdHrLv><ScopeCd value="005" Sync="TRUE"></ScopeCd></mdHrLv><mdHrLvName Sync="TRUE">dataset</mdHrLvName><refSysInfo><RefSystem><refSysID><identCode code="0" Sync="TRUE"></identCode></refSysID></RefSystem></refSysInfo><spatRepInfo><VectSpatRep><geometObjs Name="SeaTurtleConcentration_HA"><geoObjTyp><GeoObjTypCd value="002" Sync="TRUE"></GeoObjTypCd></geoObjTyp><geoObjCnt Sync="TRUE">0</geoObjCnt></geometObjs><topLvl><TopoLevCd value="001" Sync="TRUE"></TopoLevCd></topLvl></VectSpatRep></spatRepInfo><spdoinfo><ptvctinf><esriterm Name="SeaTurtleConcentration_HA"><efeatyp Sync="TRUE">Simple</efeatyp><efeageom code="4" Sync="TRUE"></efeageom><esritopo Sync="TRUE">FALSE</esritopo><efeacnt Sync="TRUE">0</efeacnt><spindex Sync="TRUE">FALSE</spindex><linrefer Sync="TRUE">FALSE</linrefer></esriterm></ptvctinf></spdoinfo><eainfo><detailed Name="SeaTurtleConcentration_HA"><enttyp><enttypl Sync="TRUE">SeaTurtleConcentration_HA</enttypl><enttypt Sync="TRUE">Feature Class</enttypt><enttypc Sync="TRUE">0</enttypc></enttyp><attr><attrlabl Sync="TRUE">FID</attrlabl><attalias Sync="TRUE">FID</attalias><attrtype Sync="TRUE">OID</attrtype><attwidth Sync="TRUE">4</attwidth><atprecis Sync="TRUE">0</atprecis><attscale Sync="TRUE">0</attscale><attrdef Sync="TRUE">Internal feature number.</attrdef><attrdefs Sync="TRUE">Esri</attrdefs><attrdomv><udom Sync="TRUE">Sequential unique whole numbers that are automatically generated.</udom></attrdomv></attr><attr><attrlabl Sync="TRUE">Shape</attrlabl><attalias Sync="TRUE">Shape</attalias><attrtype Sync="TRUE">Geometry</attrtype><attwidth Sync="TRUE">0</attwidth><atprecis Sync="TRUE">0</atprecis><attscale Sync="TRUE">0</attscale><attrdef Sync="TRUE">Feature geometry.</attrdef><attrdefs Sync="TRUE">Esri</attrdefs><attrdomv><udom Sync="TRUE">Coordinates defining the features.</udom></attrdomv></attr><attr><attrlabl Sync="TRUE">SOURCE_ID</attrlabl><attalias Sync="TRUE">SOURCE_ID</attalias><attrtype Sync="TRUE">Integer</attrtype><attwidth Sync="TRUE">10</attwidth><atprecis Sync="TRUE">10</atprecis><attscale Sync="TRUE">0</attscale></attr><attr><attrlabl Sync="TRUE">JOIN_COUNT</attrlabl><attalias Sync="TRUE">JOIN_COUNT</attalias><attrtype Sync="TRUE">Integer</attrtype><attwidth Sync="TRUE">10</attwidth><atprecis Sync="TRUE">10</atprecis><attscale Sync="TRUE">0</attscale></attr><attr><attrlabl Sync="TRUE">Shape_Leng</attrlabl><attalias Sync="TRUE">Shape_Leng</attalias><attrtype Sync="TRUE">Double</attrtype><attwidth Sync="TRUE">19</attwidth><atprecis Sync="TRUE">0</atprecis><attscale Sync="TRUE">0</attscale></attr><attr><attrlabl Sync="TRUE">Shape_Area</attrlabl><attalias Sync="TRUE">Shape_Area</attalias><attrtype Sync="TRUE">Double</attrtype><attwidth Sync="TRUE">19</attwidth><atprecis Sync="TRUE">0</atprecis><attscale Sync="TRUE">0</attscale><attrdef Sync="TRUE">Area of feature in internal units squared.</attrdef><attrdefs Sync="TRUE">Esri</attrdefs><attrdomv><udom Sync="TRUE">Positive real numbers that are automatically generated.</udom></attrdomv></attr><attr><attrlabl Sync="TRUE">GiZScore</attrlabl><attalias Sync="TRUE">GiZScore</attalias><attrtype Sync="TRUE">Double</attrtype><attwidth Sync="TRUE">19</attwidth><atprecis Sync="TRUE">0</atprecis><attscale Sync="TRUE">0</attscale></attr><attr><attrlabl Sync="TRUE">GiPValue</attrlabl><attalias Sync="TRUE">GiPValue</attalias><attrtype Sync="TRUE">Double</attrtype><attwidth Sync="TRUE">19</attwidth><atprecis Sync="TRUE">0</atprecis><attscale Sync="TRUE">0</attscale></attr><attr><attrlabl Sync="TRUE">NNeighbors</attrlabl><attalias Sync="TRUE">NNeighbors</attalias><attrtype Sync="TRUE">Integer</attrtype><attwidth Sync="TRUE">10</attwidth><atprecis Sync="TRUE">10</atprecis><attscale Sync="TRUE">0</attscale></attr><attr><attrlabl Sync="TRUE">Gi_Bin</attrlabl><attalias Sync="TRUE">Gi_Bin</attalias><attrtype Sync="TRUE">Integer</attrtype><attwidth Sync="TRUE">10</attwidth><atprecis Sync="TRUE">10</atprecis><attscale Sync="TRUE">0</attscale></attr></detailed></eainfo><mdDateSt Sync="TRUE">20210729</mdDateSt></metadata>
